{
  "$id": "https://lucide.dev/category.schema.json",
  "$schema": "https://json-schema.org/draft/2020-12/schema",
  "$vocabulary": {
    "https://json-schema.org/draft/2020-12/vocab/core": true,
    "https://json-schema.org/draft/2020-12/vocab/applicator": true,
    "https://json-schema.org/draft/2020-12/vocab/unevaluated": true,
    "https://json-schema.org/draft/2020-12/vocab/validation": true,
    "https://json-schema.org/draft/2020-12/vocab/meta-data": true,
    "https://json-schema.org/draft/2020-12/vocab/format-annotation": true,
    "https://json-schema.org/draft/2020-12/vocab/content": true
  },
  "title": "Lucide Icons category schema",
  "type": "object",
  "additionalProperties": false,
  "required": ["$schema", "icon", "title"],
  "properties": {
    "$schema": {
      "type": "string"
    },
    "description": {
      "type": "string"
    },
    "icon": {
      "type": "string"
    },
    "title": {
      "type": "string"
    },
    "weight": {
      "type": "integer"
    }
  },
  "description": "A JSON Schema for categories defined by Lucide Icons."
}
